{
    "Log_in": "Entrar",
    "Register": "Registro",
    "Announcement": "Anuncio",
    "Registration_Info": "Informaci\u00f3n de registro",
    "Voucher_not_found__please_buy_voucher_befor_register": "Cup\u00f3n no encontrado, compre el cup\u00f3n antes de registrarse",
    "Register_Success__You_can_login_now": "\u00a1Registro exitoso! Puedes iniciar sesi\u00f3n ahora",
    "Log_in_to_Member_Panel": "Iniciar sesi\u00f3n en el panel de miembros",
    "Register_as_Member": "Reg\u00edstrese como miembro",
    "Enter_Admin_Area": "Panel de administraci\u00f3n",
    "PHPNuxBill": "Compañia",
    "Username": "Usuario",
    "Password": "Contrase\u00f1a",
    "Passwords_does_not_match": "Las contrase\u00f1as no coinciden",
    "Account_already_axist": "La cuenta ya existe",
    "Manage": "Administrar",
    "Submit": "Enviar",
    "Save_Changes": "Guardar cambios",
    "Cancel": "Cancelar",
    "Edit": "Editar",
    "Delete": "Eliminar",
    "Welcome": "Bienvenido",
    "Data_Created_Successfully": "Datos creados con \u00e9xito",
    "Data_Updated_Successfully": "Datos actualizados con \u00e9xito",
    "Data_Deleted_Successfully": "Datos eliminados con \u00e9xito",
    "Static_Pages": "P\u00e1ginas est\u00e1ticas",
    "Failed_to_save_page__make_sure_i_can_write_to_folder_pages___i_chmod_664_pages___html_i_": "No se pudo guardar la p\u00e1gina, aseg\u00farese de que pueda escribir en las p\u00e1ginas de la carpeta, <i>chmod 664 pages\/*.html<i>",
    "Saving_page_success": "Guardando el \u00e9xito de la p\u00e1gina",
    "Sometimes_you_need_to_refresh_3_times_until_content_change": "A veces es necesario actualizar 3 veces hasta que cambie el contenido",
    "Dashboard": "Panel",
    "Search_Customers___": "Buscar clientes...",
    "My_Account": "Mi cuenta",
    "My_Profile": "Mi perfil",
    "Settings": "Ajustes",
    "Edit_Profile": "Editar perfil",
    "Change_Password": "Cambia la contrase\u00f1a",
    "Logout": "Cerrar sesi\u00f3n",
    "Services": "Servicios",
    "Bandwidth_Plans": "Planes de velocidad",
    "Bandwidth_Name": "Nombre de ancho de banda",
    "New_Bandwidth": "Nuevo ancho de banda",
    "Edit_Bandwidth": "Editar ancho de banda",
    "Add_New_Bandwidth": "Agregar nuevo ancho de banda",
    "Rate_Download": "Tarifa Descarga",
    "Rate_Upload": "Tasa de subida",
    "Name_Bandwidth_Already_Exist": "El ancho de banda del nombre ya existe",
    "Hotspot_Plans": "Planes de Hotspot",
    "PPPOE_Plans": "Planes PPPOE",
    "Plan_Name": "Nombre",
    "New_Service_Plan": "Nuevo plan de servicio",
    "Add_Service_Plan": "Agregar plan de servicio",
    "Edit_Service_Plan": "Editar plan de servicio",
    "Name_Plan_Already_Exist": "Nombre El plan ya existe",
    "Plan_Type": "Tipo de plan",
    "Plan_Price": "Precio del plan",
    "Limit_Type": "Tipo de l\u00edmite",
    "Unlimited": "Ilimitado",
    "Limited": "Limitado",
    "Time_Limit": "L\u00edmite de tiempo",
    "Data_Limit": "L\u00edmite de datos",
    "Both_Limit": "Ambos L\u00edmite",
    "Plan_Validity": "Validez del Plan",
    "Select_Bandwidth": "Seleccionar ancho de banda",
    "Shared_Users": "Usuarios compartidos",
    "Choose_User_Type_Sales_to_disable_access_to_Settings": "Elija Ventas de tipo de usuario para deshabilitar el acceso a la Configuraci\u00f3n",
    "Current_Password": "Contrase\u00f1a actual",
    "New_Password": "Nueva contrase\u00f1a",
    "Administrator": "Administrador",
    "Sales": "Ventas",
    "Member": "Usuario",
    "Confirm_New_Password": "Confirmar nueva contrase\u00f1a",
    "Confirm_Password": "Confirmar contrase\u00f1a",
    "Full_Name": "Nombre completo",
    "User_Type": "Tipo de usuario",
    "Address": "Direcci\u00f3n",
    "Created_On": "Creado en",
    "Expires_On": "Expira el",
    "Phone_Number": "N\u00famero de tel\u00e9fono",
    "User_deleted_Successfully": "Usuario eliminado con \u00e9xito",
    "Full_Administrator": "Administrador completo",
    "Keep_Blank_to_do_not_change_Password": "Mantener en blanco para no cambiar la contrase\u00f1a",
    "Keep_it_blank_if_you_do_not_want_to_show_currency_code": "Mant\u00e9ngalo en blanco si no desea mostrar el c\u00f3digo de moneda",
    "Theme_Style": "Estilo de tema",
    "Theme_Color": "Color del tema",
    "Default_Language": "Idioma predeterminado",
    "Network": "Red",
    "Routers": "Routers",
    "IP_Pool": "IP Pool",
    "New_Router": "Nuevo Router",
    "Add_Router": "Agregar Router",
    "Edit_Router": "Editar Router",
    "Router_Name": "Nombre del Router",
    "IP_Address": "Direccion IP",
    "Router_Secret": "Contrase\u00f1a Router",
    "Description": "Descripcion",
    "IP_Router_Already_Exist": "El enrutador IP ya existe",
    "Name_Pool": "Nombre del Pool",
    "Range_IP": "Rango de IP",
    "New_Pool": "Nuevo Pool",
    "Add_Pool": "Agregar Pool",
    "Edit_Pool": "Editar Pool",
    "Pool_Name_Already_Exist": "Nombre del Pool ya existe",
    "Refill_Account": "Recargar Ficha",
    "Recharge_Account": "Recargar Cuenta",
    "Select_Account": "Seleccionar cuenta",
    "Service_Plan": "Plan de servicio",
    "Recharge": "Recargar",
    "Method": "M\u00e9todo",
    "Account_Created_Successfully": "Cuenta creada con \u00e9xito",
    "Database_Status": "Estado de la base de datos",
    "Total_Database_Size": "Tama\u00f1o total de la base de datos",
    "Download_Database_Backup": "Descargar copia de seguridad de la base de datos",
    "Table_Name": "Nombre de la tabla",
    "Rows": "Filas",
    "Size": "Tama\u00f1o",
    "Customer": "Clientes",
    "Add_New_Contact": "A\u00f1adir nuevo contacto",
    "Edit_Contact": "Editar contacto",
    "List_Contact": "Lista de contactos",
    "Manage_Contact": "Administrar contacto",
    "Reports": "Reportes",
    "Daily_Reports": "Reportes diarios",
    "Period_Reports": "Informes del per\u00edodo",
    "All_Transactions": "Todas las transacciones",
    "Total_Income": "Ingresos totales",
    "All_Transactions_at_Date": "Todas las transacciones en la fecha",
    "Export_for_Print": "Exportar para imprimir",
    "Print": "Impresi\u00f3n",
    "Export_to_PDF": "Exportar a PDF",
    "Click_Here_to_Print": "Haga clic aqu\u00ed para imprimir",
    "You_can_use_html_tag": "Puedes usar la etiqueta html",
    "Date_Format": "Formato de fecha",
    "Income_Today": "Ingresos hoy",
    "Income_This_Month": "Ingresos este mes",
    "Users_Active": "Usuarios activos",
    "Total_Users": "Total de usuarios",
    "Users": "Usuarios",
    "Edit_User": "Editar usuario",
    "Last_Login": "\u00daltimo acceso",
    "Administrator_Users": "Usuarios administradores",
    "Manage_Administrator": "Administrar administrador",
    "Add_New_Administrator": "Agregar nuevo administrador",
    "Localisation": "Idioma y Fecha",
    "Backup_Restore": "Copia de seguridad\/restauracion",
    "General_Settings": "Configuraci\u00f3n general",
    "Date": "Fecha",
    "Login_Successful": "Inicio de sesi\u00f3n exitoso",
    "Failed_Login": "Inicio de sesi\u00f3n fallido",
    "Settings_Saved_Successfully": "Configuraci\u00f3n guardada con \u00e9xito",
    "User_Updated_Successfully": "Usuario actualizado con \u00e9xito",
    "User_Expired__Today": "Usuario vencido, hoy",
    "Activity_Log": "Registro de actividades",
    "View_Reports": "Ver los informes",
    "View_All": "Ver todo",
    "Number_of_Vouchers": "N\u00famero de Fichas",
    "Length_Code": "Longitud de codigo",
    "Code_Voucher": "Cup\u00f3n de Ficha",
    "Voucher": "Ficha",
    "Hotspot_Voucher": "Ficha Hotspot",
    "Status_Voucher": "Estatado de Ficha",
    "Add_Vouchers": "Agregar Ficha",
    "Create_Vouchers_Successfully": "Crear Ficha con \u00e9xito",
    "Generate": "Generar",
    "Print_side_by_side__it_will_easy_to_cut": "Imprimir uno al lado del otro, ser\u00e1 f\u00e1cil de cortar",
    "From_Date": "Partir de la fecha",
    "To_Date": "Hasta la fecha",
    "New_Service": "Nuevo servicio",
    "Type": "Tipo",
    "Finish": "Finalizar",
    "Application_Name__Company_Name": "Nombre de la aplicaci\u00f3n\/ Nombre de la empresa",
    "This_Name_will_be_shown_on_the_Title": "Este nombre se mostrar\u00e1 en el t\u00edtulo",
    "Next": "Siguiente",
    "Last": "Atras",
    "Timezone": "Zona horaria",
    "Decimal_Point": "Punto decimal",
    "Thousands_Separator": "Separador de miles",
    "Currency_Code": "C\u00f3digo de moneda",
    "Order_Voucher": "Comprobante de pedido",
    "Voucher_Activation": "Activaci\u00f3n de Fichas",
    "List_Activated_Voucher": "Lista de Fichas activados",
    "Enter_voucher_code_here": "Ingrese el c\u00f3digo de la Ficha aqu\u00ed",
    "Private_Message": "Mensaje privado",
    "Inbox": "Bandeja de entrada",
    "Outbox": "Bandeja de salida",
    "Compose": "Componer",
    "Send_to": "Enviar a",
    "Title": "T\u00edtulo",
    "Message": "Mensaje",
    "Your_Account_Information": "Informaci\u00f3n de su cuenta",
    "Welcome_to_the_Panel_Members_page__on_this_page_you_can_": "Bienvenido a la p\u00e1gina de Miembros del Panel, en esta p\u00e1gina puede:",
    "Invalid_Username_or_Password": "Usuario o contrase\u00f1a invalido",
    "You_do_not_have_permission_to_access_this_page": "Usted no tiene permiso para acceder a esta p\u00e1gina",
    "Incorrect_Current_Password": "IContrase\u00f1a actual incorrecta",
    "Password_changed_successfully__Please_login_again": "Contrase\u00f1a cambiada con \u00e9xito, por favor inicie sesi\u00f3n de nuevo",
    "All_field_is_required": "Todo el campo es requerido",
    "Voucher_Not_Valid": "Ficha no v\u00e1lida",
    "Activation_Vouchers_Successfully": "Fichas de activaci\u00f3n con \u00e9xito",
    "Data_Not_Found": "Datos no encontrados",
    "Search_by_Username": "Buscar por nombre de usuario",
    "Search_by_Name": "Buscar por nombre",
    "Search_by_Code_Voucher": "B\u00fasqueda por c\u00f3digo de Ficha",
    "Search": "B\u00fasqueda",
    "Select_a_customer": "Seleccione un cliente",
    "Select_Routers": "Seleccionar enrutadores",
    "Select_Plans": "Seleccionar planes",
    "Select_Pool": "Seleccionar Pool",
    "Hrs": "Hrs",
    "Mins": "Mins",
    "Days": "Dias",
    "Months": "Meses",
    "Add_Language": "Agregar idioma",
    "Language_Name": "Nombre del lenguaje",
    "Folder_Name": "Nombre de la carpeta",
    "Translator": "Traducir",
    "Language_Name_Already_Exist": "El nombre del idioma ya existe",
    "Payment_Gateway": "Pasarela de Pago",
    "Community": "Comunidad",
    "1_user_can_be_used_for_many_devices_": "1 usuario puede utilizarse para varios dispositivos?",
    "Cannot_be_change_after_saved": "No se puede cambiar despu\u00e9s de guardar",
    "Explain_Coverage_of_router": "Explicar la cobertura del enrutador",
    "Name_of_Area_that_router_operated": "Nombre del \u00e1rea que operaba el enrutador",
    "Payment_Notification_URL__Recurring_Notification_URL__Pay_Account_Notification_URL": "URL de notificaci\u00f3n de pago, URL de notificaci\u00f3n recurrente, URL de notificaci\u00f3n de cuenta de pago",
    "Finish_Redirect_URL__Unfinish_Redirect_URL__Error_Redirect_URL": "URL de redireccionamiento finalizada, URL de redireccionamiento incompleta, URL de redireccionamiento con error",
    "Status": "Estado",
    "Plan_Not_found": "Plan no encontrado",
    "Failed_to_create_transaction_": "No se pudo crear la transacci\u00f3n.",
    "Seller_has_not_yet_setup_Xendit_payment_gateway": "El vendedor a\u00fan no ha configurado la pasarela de pago Xendit",
    "Admin_has_not_yet_setup_Xendit_payment_gateway__please_tell_admin": "El administrador a\u00fan no ha configurado la pasarela de pago Xendit, inf\u00f3rmeselo al administrador.",
    "Buy_this__your_active_package_will_be_overwrite": "\u00bfCompraste esto? Tu paquete activo se sobrescribir\u00e1",
    "You_already_have_unpaid_transaction__cancel_it_or_pay_it_": "Ya tienes transacci\u00f3n impaga, canc\u00e9lala o p\u00e1gala.",
    "Transaction_Not_found": "Transacci\u00f3n no encontrada",
    "Cancel_it_": "\u00bfCancelalo?",
    "expired": "Caducada",
    "Check_for_Payment": "Verificar pago",
    "Transaction_still_unpaid_": "Transacci\u00f3n a\u00fan impaga.",
    "Paid_Date": "Fecha de pago",
    "Transaction_has_been_paid_": "La transacci\u00f3n ha sido pagada.",
    "PAID": "PAGADA",
    "CANCELED": "CANCELADA",
    "UNPAID": "NO PAGADO",
    "PAY_NOW": "PAGAR AHORA",
    "Buy_Hotspot_Plan": "Comprar plan de hotspot",
    "Buy_PPOE_Plan": "Comprar Plan PPPoE",
    "Package": "Paquete",
    "Order_Internet_Package": "Solicitar paquete de Internet",
    "Unknown_Command_": "Comando desconocido.",
    "Checking_payment": "Comprobando el pago",
    "Create_Transaction_Success": "Crear transacciones exitosas",
    "You_have_unpaid_transaction": "Tienes transacci\u00f3n impaga",
    "TripayPayment_Channel": "Canal de pago Tripay",
    "Payment_Channel": "Canal de pago",
    "Payment_check_failed_": "El cheque de pago fall\u00f3.",
    "Order_Package": "Paquete de pedido",
    "Transactions": "Transacciones",
    "Payments": "Pagos",
    "History": "Historial",
    "Order_History": "Historial de pedidos",
    "Gateway": "Puerta",
    "Date_Done": "Fecha de finalizaci\u00f3n",
    "Unpaid_Order": "Orden no pagada",
    "Payment_Gateway_Not_Found": "Pasarela de pago no encontrada",
    "Payment_Gateway_saved_successfully": "Pasarela de pago guardada exitosamente",
    "ORDER": "ORDEN",
    "Package_History": "Historial de paquetes",
    "Buy_History": "Historial de compra",
    "Activation_History": "Historial de activaci\u00f3n",
    "Buy_Package": "Comprar paquete",
    "Email": "Correo",
    "Company_Footer": "Pie de p\u00e1gina",
    "Will_show_below_user_pages": "Se mostrar\u00e1n debajo de las p\u00e1ginas de usuario.",
    "Request_OTP": "Solicitar OTP",
    "Verification_Code": "Verificacion por codigo",
    "SMS_Verification_Code": "C\u00f3digo de verificaci\u00f3n por SMS",
    "Please_enter_your_email_address": "Por favor, introduzca su direcci\u00f3n de correo electr\u00f3nico",
    "Failed_to_create_Paypal_transaction_": "No se pudo crear la transacci\u00f3n de Paypal.",
    "Plugin": "Plugin",
    "Plugin_Manager": "Administraci\u00f3n de Plugins",
    "User_Notification": "Notificaci\u00f3n de usuario",
    "Expired_Notification": "Notificaci\u00f3n caducada",
    "User_will_get_notification_when_package_expired": "El usuario recibir\u00e1 una notificaci\u00f3n cuando el paquete caduque",
    "Expired_Notification_Message": "Mensaje de notificaci\u00f3n caducado",
    "Payment_Notification": "Notificacion de pago",
    "User_will_get_invoice_notification_when_buy_package_or_package_refilled": "El usuario recibir\u00e1 una notificaci\u00f3n de factura cuando compre el paquete o recargue el paquete.",
    "Current_IP": "IP actual",
    "Current_MAC": "MAC actual",
    "Login_Status": "Estado de inicio de sesi\u00f3n",
    "Login_Request_successfully": "Solicitud de inicio de sesi\u00f3n exitosa",
    "Logout_Request_successfully": "Solicitud de cierre de sesi\u00f3n exitosa",
    "Disconnect_Internet_": "\u00bfDesconectar Internet?",
    "Not_Online__Login_now_": "No en l\u00ednea, \u00bfiniciar sesi\u00f3n ahora?",
    "You_are_Online__Logout_": "Est\u00e1s en l\u00ednea, \u00bfcerrar sesi\u00f3n?",
    "Connect_to_Internet_": "\u00bfConectado a Internet?",
    "Your_account_not_connected_to_internet": "Su cuenta no est\u00e1 conectada a Internet",
    "Balance": "Saldo",
    "Balance_System": "Sistema de Saldo",
    "Enable_System": "Habilitar sistema",
    "Allow_Transfer": "Permitir transferencia",
    "Telegram_Notification": "Notificaci\u00f3n de Telegram",
    "SMS_OTP_Registration": "Registro OTP por SMS",
    "Whatsapp_Notification": "Notificaci\u00f3n de whatsapp",
    "Tawk_to_Chat_Widget": "Tawk.to Chat Widget",
    "Invoice": "Factura",
    "Country_Code_Phone": "C\u00f3digo de pa\u00eds Tel\u00e9fono",
    "Voucher_activation_menu_will_be_hidden": "El men\u00fa de activaci\u00f3n del vale estar\u00e1 oculto",
    "Customer_can_deposit_money_to_buy_voucher": "El cliente puede depositar dinero para comprar un vale.",
    "Allow_balance_transfer_between_customers": "Permitir transferencia de saldo entre clientes",
    "Refill_Balance": "Saldo de recarga",
    "Balance_Plans": "Planes de Saldo",
    "Failed_to_create_transaction__": "No se pudo crear la transacci\u00f3n.",
    "Failed_to_check_status_transaction__": "No se pudo verificar el estado de la transacci\u00f3n.",
    "Disable_Voucher": "Desactivar Fichas",
    "Reminder_Notification": "Notificaci\u00f3n de recordatorio",
    "Reminder_Notification_Message": "Mensaje de notificaci\u00f3n de recordatorio",
    "Reminder_7_days": "Recordatorio 7 d\u00edas",
    "Reminder_3_days": "Recordatorio 3 d\u00edas",
    "Reminder_1_day": "Recordatorio 1 d\u00edas",
    "PPPOE_Password": "Contrase\u00f1a PPPOE",
    "User_Cannot_change_this__only_admin__if_it_Empty_it_will_use_user_password": "El usuario no puede cambiar esto, solo el administrador. si est\u00e1 vac\u00edo usar\u00e1 la contrase\u00f1a de usuario",
    "Invoice_Balance_Message": "Mensaje de saldo de factura",
    "Invoice_Notification_Payment": "Pago de notificaci\u00f3n de factura",
    "Balance_Notification_Payment": "Pago de notificaci\u00f3n de saldo",
    "Buy_Balance": "Comprar Saldo",
    "Price": "Precio",
    "Validity": "Validez",
    "Disable_auto_renewal_": "\u00bfDesactivar la renovaci\u00f3n autom\u00e1tica?",
    "Auto_Renewal_On": "Renovaci\u00f3n autom\u00e1tica activada",
    "Enable_auto_renewal_": "\u00bfHabilitar la renovaci\u00f3n autom\u00e1tica?",
    "Auto_Renewal_Off": "Renovaci\u00f3n autom\u00e1tica desactivada",
    "Invoice_Footer": "Pie de p\u00e1gina de factura",
    "Pay_With_Balance": "Pagar con saldo",
    "Pay_this_with_Balance__your_active_package_will_be_overwrite": "\u00bfPagar esto con Saldo? su paquete activo ser\u00e1 sobrescrito",
    "Success_to_buy_package": "\u00c9xito al comprar el paquete.",
    "Auto_Renewal": "Auto renovaci\u00f3n",
    "View": "Vista",
    "Back": "Atras",
    "Active": "Activo",
    "Transfer_Balance": "Transferir saldo",
    "Send_your_balance_": "\u00bfEnviar tu saldo?",
    "Send": "Enviar",
    "Cannot_send_to_yourself": "No puedes enviarte a ti mismo",
    "Sending_balance_success": "Env\u00edo de saldo exitoso",
    "From": "De",
    "To": "A",
    "insufficient_balance": "Saldo Insuficiente",
    "Send_Balance": "Saldo Enviado",
    "Received_Balance": "Saldo Recibido",
    "Minimum_Balance_Transfer": "Transferencia de saldo m\u00ednimo",
    "Minimum_Transfer": "Transferencia m\u00ednima",
    "Company_Logo": "Logo de la compa\u00f1\u00eda",
    "Expired_IP_Pool": "Grupo de IP caducado",
    "Proxy": "Proxy",
    "Proxy_Server": "Servidor Proxy",
    "Proxy_Server_Login": "Iniciar sesi\u00f3n en el servidor proxy",
    "Hotspot_Plan": "Hotspot Plan",
    "PPPOE_Plan": "PPPoE Plan",
    "UNKNOWN": "DESCONOCIDO",
    "Are_You_Sure_": "Estas seguro\/a?",
    "Success_to_send_package": "\u00c9xito al enviar el paquete",
    "Target_has_active_plan__different_with_current_plant_": "Objetivo tiene plan activo, diferente con planta actual.",
    "Recharge_a_friend": "Recargar a un amigo\/a",
    "Buy_for_friend": "Comprar para amigo\/a",
    "Buy_this_for_friend_account_": "\u00bfCompra esto por cuenta de amigo\/a?",
    "Review_package_before_recharge": "Revisar paquete antes de recargar",
    "Activate": "Activado",
    "Deactivate": "Desactivado",
    "Sync": "Sincronizar",
    "Failed_to_create_PaymeTrust_transaction_": "No se pudo crear la transacci\u00f3n PaymeTrust.",
    "Location": "Localizacion",
    "Voucher_Format": "Formato de cup\u00f3n",
    "Service_Type": "Tipo de Servicios",
    "Others": "Otros",
    "PPPoE": "PPPoE",
    "Hotspot": "Hotspot",
    "Monthly_Registered_Customers": "Clientes registrados mensualmente",
    "Total_Monthly_Sales": "Ventas mensuales totales",
    "Active_Users": "Usuarios activos",
    "Languge_set_to_spanish": "Idioma establecido en espa\u00f1ol",
    "Login": "Acceso",
    "Forgot_Password": "Has olvidado tu contrase\u00f1a",
    "success": "Logueado con Exito",
    "Click_Here": "Haga clic aqu\u00ed",
    "Search_Users": "Buscar usuarios",
    "SuperAdmin": "Superadministrador",
    "Lists": "Listas de Clientes",
    "Vouchers": "Fichas",
    "Refill_Customer": "Recarga de cliente",
    "Recharge_Customer": "Recargar Cliente",
    "Internet_Plan": "Plan de Internet",
    "Send_Message": "Enviar mensaje",
    "Single_Customer": "Cliente \u00fanico",
    "Bulk_Customers": "Clientes al por mayor",
    "Routers_Maps": "Mapas de enrutadores",
    "Theme_Voucher": "Cup\u00f3n tem\u00e1tico",
    "Customer_Announcement": "Anuncio para el cliente",
    "Payment_Info": "Informaci\u00f3n de pago",
    "Privacy_Policy": "Pol\u00edtica de Privacidad",
    "Terms_and_Conditions": "T\u00e9rminos y condiciones",
    "Maintenance_Mode": "Modo de mantenimiento",
    "Devices": "Dispositivos",
    "Logs": "Registros",
    "Documentation": "Documentaci\u00f3n",
    "Expired": "Venci\u00f3",
    "Customers": "Clientes",
    "Package_Name": "Nombre del paquete",
    "Created___Expired": "Creado \/ Expirado",
    "Internet_Package": "Paquete de Internet",
    "year": "A\u00f1o",
    "month": "Mes",
    "week": "Semana",
    "day": "D\u00eda",
    "hour": "Hora",
    "minute": "Minuto",
    "second": "Segundo",
    "ago": "Atr\u00e1s",
    "Prev": "Anterior",
    "Cron_Job_last_ran_on": "La \u00faltima ejecuci\u00f3n del trabajo cron se realiz\u00f3 el",
    "All_Users_Insights": "Informaci\u00f3n de todos los usuarios",
    "Created_Date": "Fecha de creaci\u00f3n",
    "Ascending": "Ascendente",
    "Descending": "Descendiendo",
    "Banned": "Prohibido",
    "Disabled": "Desactivado",
    "Inactive": "Inactivo",
    "Suspended": "Suspendido",
    "Add": "Agregar",
    "Account_Type": "Tipo de cuenta",
    "Contact": "Contacto",
    "Active_Customers": "Clientes activos",
    "Extend": "Extender",
    "Application_Name___Company_Name": "Nombre de la aplicaci\u00f3n \/ Nombre de la empresa",
    "For_PDF_Reports___Best_size_1078_x_200___uploaded_image_will_be_autosize": "Para informes en PDF | Tama\u00f1o \u00f3ptimo 1078 x 200 | La imagen cargada se ajustar\u00e1 autom\u00e1ticamente",
    "Print_Max_Char": "Imprimir Max Char",
    "For_invoice_print_using_Thermal_Printer": "Para imprimir facturas mediante impresora t\u00e9rmica",
    "Theme": "Tema",
    "Default": "Por defecto",
    "Theme_Info": "Informaci\u00f3n del tema",
    "Recharge_Using": "Recargar usando",
    "Cash": "Dinero",
    "Bank_Transfer": "Transferencia bancaria",
    "This_used_for_admin_to_select_payment_in_recharge__using_comma_for_every_new_options": "Esto se utiliza para que el administrador seleccione el pago en la recarga, utilizando una coma para cada nueva opci\u00f3n.",
    "Income_reset_date": "Fecha de reinicio de ingresos",
    "Income_will_reset_every_this_day": "Los ingresos se restablecer\u00e1n cada d\u00eda.",
    "edit_at_config_php": "editar en config.php",
    "Hide_Dashboard_Content": "Ocultar el contenido del panel",
    "No": "No",
    "Yes": "S\u00ed",
    "Disable_Registration": "Deshabilitar registro",
    "Customer_just_Login_with_Phone_number_and_Voucher_Code__Voucher_will_be_password": "El cliente solo debe iniciar sesi\u00f3n con su n\u00famero de tel\u00e9fono y el c\u00f3digo del cup\u00f3n. El cup\u00f3n ser\u00e1 su contrase\u00f1a.",
    "Redirect_URL_after_Activation": "Redireccionar URL despu\u00e9s de la activaci\u00f3n",
    "After_Customer_activate_voucher_or_login__customer_will_be_redirected_to_this_url": "Despu\u00e9s de que el Cliente active el cup\u00f3n o inicie sesi\u00f3n, ser\u00e1 redirigido a esta URL",
    "Enable_Radius": "Habilitar radio",
    "Radius_Instructions": "Instrucciones de radio",
    "Extend_Postpaid_Expiration": "Extender vencimiento de pospago",
    "Allow_Extend": "Permitir extender",
    "Customer_can_request_to_extend_expirations": "El cliente puede solicitar la extensi\u00f3n de los vencimientos.",
    "Extend_Days": "Extender d\u00edas",
    "Confirmation_Message": "Mensaje de confirmaci\u00f3n",
    "i_agree_to_extends_and_will_paid_full_after_this": "Acepto extender y pagar\u00e9 el total despu\u00e9s de esto.",
    "Customer_Balance_System": "Sistema de saldo de clientes",
    "Telegram_Bot_Token": "Token de bot de Telegram",
    "Telegram_User_Channel_Group_ID": "ID de usuario\/canal\/grupo de Telegram",
    "You_will_get_Payment_and_Error_notification": "Recibir\u00e1 una notificaci\u00f3n de pago y error.",
    "Test_SMS": "Prueba de SMS",
    "SMS_Server_URL": "URL del servidor SMS",
    "Must_include": "Debe incluir",
    "it_will_be_replaced_": "Ser\u00e1 reemplazado.",
    "Or_use_Mikrotik_SMS": "O utilice Mikrotik SMS",
    "Select_Router": "Seleccionar enrutador",
    "You_can_use": "Puedes utilizar",
    "in_here_too_": "Aqu\u00ed tambi\u00e9n.",
    "Free_Server": "Servidor gratuito",
    "WhatsApp_Server_URL": "URL del servidor de WhatsApp",
    "Email_Notification": "Notificaci\u00f3n por correo electr\u00f3nico",
    "Empty_this_to_use_internal_mail___PHP": "Vac\u00ede esto para usar el correo interno PHP",
    "SMTP_Username": "Nombre de usuario SMTP",
    "SMTP_Password": "Contrase\u00f1a SMTP",
    "SMTP_Security": "Seguridad SMTP",
    "Mail_Reply_To": "Responder a correo",
    "Customer_will_reply_email_to_this_address__empty_if_you_want_to_use_From_Address": "El cliente responder\u00e1 el correo electr\u00f3nico a esta direcci\u00f3n; deje el campo vac\u00edo si desea utilizar la direcci\u00f3n de remitente.",
    "None": "Ninguno",
    "By_WhatsApp": "Por WhatsApp",
    "By_SMS": "Por SMS",
    "By_Email": "Por correo electr\u00f3nico",
    "From_Direct_Chat_Link_": "Desde el enlace de chat directo.",
    "Access_Token": "Token de acceso",
    "Empty_this_to_randomly_created_API_key": "Vac\u00ede esto para crear una clave API aleatoria",
    "This_Token_will_act_as_SuperAdmin_Admin": "Este token actuar\u00e1 como SuperAdmin\/Admin",
    "Miscellaneous": "Miscel\u00e1neas",
    "Enable_Session_Timeout": "Habilitar tiempo de espera de sesi\u00f3n",
    "Logout_Admin_if_not_Available_Online_a_period_of_time": "Cerrar sesi\u00f3n como administrador si no est\u00e1 disponible o en l\u00ednea durante un per\u00edodo de tiempo",
    "Timeout_Duration": "Duraci\u00f3n del tiempo de espera",
    "Enter_the_session_timeout_duration__minutes_": "Introduzca la duraci\u00f3n del tiempo de espera de la sesi\u00f3n (minutos)",
    "Idle_Timeout__Logout_Admin_if_Idle_for_xx_minutes": "Tiempo de espera inactivo, cerrar sesi\u00f3n como administrador si est\u00e1 inactivo durante xx minutos",
    "New_Version_Notification": "Notificaci\u00f3n de nueva versi\u00f3n",
    "Enabled": "Activado",
    "This_is_to_notify_you_when_new_updates_is_available": "Esto es para notificarle cuando haya nuevas actualizaciones disponibles.",
    "Router_Check": "Comprobaci\u00f3n del enrutador",
    "If_enabled__the_system_will_notify_Admin_when_router_goes_Offline__If_admin_have_10_or_more_router_and_many_customers__it_will_get_overlapping__you_can_disabled": "Si est\u00e1 habilitado, el sistema notificar\u00e1 al administrador cuando el enrutador se desconecte. Si el administrador tiene 10 o m\u00e1s enrutadores y muchos clientes, se superpondr\u00e1; puede deshabilitarlo.",
    "Phone_OTP_Required": "Se requiere OTP en el tel\u00e9fono",
    "OTP_is_required_when_user_want_to_change_phone_number_and_registration": "Se requiere OTP cuando el usuario desea cambiar el n\u00famero de tel\u00e9fono y el registro",
    "OTP_Method": "M\u00e9todo OTP",
    "by_WhatsApp": "por WhatsApp",
    "By_WhatsApp_and_SMS": "Por WhatsApp y SMS",
    "The_method_which_OTP_will_be_sent_to_user": "El m\u00e9todo mediante el cual se enviar\u00e1 la OTP al usuario",
    "Email_OTP_Required": "Se requiere OTP en el correo electr\u00f3nico",
    "OTP_is_required_when_user_want_to_change_Email_Address": "Se requiere OTP cuando el usuario desea cambiar la direcci\u00f3n de correo electr\u00f3nico",
    "Extend_Package_Expiry": "Extender la caducidad del paquete",
    "If_user_buy_same_internet_plan__expiry_date_will_extend": "Si el usuario compra el mismo plan de Internet, la fecha de vencimiento se extender\u00e1",
    "Show_Bandwidth_Plan": "Mostrar plan de ancho de banda",
    "_for_Customer": "Para el cliente",
    "Hotspot_Auth_Method": "M\u00e9todo de autenticaci\u00f3n de punto de acceso",
    "Api": "API",
    "Http_Chap": "Http-Chap",
    "Hotspot_Authentication_Method__Make_sure_you_have_changed_your_hotspot_login_page_": "M\u00e9todo de autenticaci\u00f3n del punto de acceso. Aseg\u00farate de haber cambiado la p\u00e1gina de inicio de sesi\u00f3n del punto de acceso.",
    "Tax_System": "Sistema tributario",
    "Enable_Tax_System": "Habilitar el sistema tributario",
    "Tax_will_be_calculated_in_Internet_Plan_Price": "El impuesto se calcular\u00e1 en el precio del plan de Internet.",
    "Tax_Rate": "Tasa de impuesto",
    "Custome": "Personalizado",
    "Tax_Rates_in_percentage": "Tasas de impuestos en porcentaje",
    "Custome_Tax_Rate": "Tasa de impuesto al cliente",
    "Enter_Custome_Tax_Rate": "Introduzca la tasa de impuesto personalizada",
    "Enter_the_custom_tax_rate__e_g___3_75_for_3_75__": "Introduzca la tasa de impuesto personalizada (por ejemplo, 3,75 para 3,75 %)",
    "Authentication": "Autenticaci\u00f3n",
    "Github_Username": "Nombre de usuario de Github",
    "Github_Token": "Token de Github",
    "Create_GitHub_personal_access_token": "Crear un token de acceso personal de GitHub",
    "only_need_repo_scope": "Solo se necesita el \u00e1mbito del repositorio",
    "This_will_allow_you_to_download_plugin_from_private_paid_repository": "Esto le permitir\u00e1 descargar el complemento desde un repositorio privado\/pago.",
    "Expired_Cronjob_Every_5_Minutes": "Cronjob vencido cada 5 minutos",
    "Expired_Cronjob_Every_1_Hour": "Cronjob vencido cada 1 hora",
    "Reminder_Cronjob_Every_7_AM": "Recordatorio de Cronjob cada 7 a. m.",
    "Email_not_sent__Mailer_Error__": "Correo electr\u00f3nico no enviado, error de Mailer:",
    "Language_Editor": "Editor de idioma",
    "Radius_Package": "Paquete Radius",
    "Change_title_in_user_Plan_order": "Cambiar t\u00edtulo en el pedido del plan de usuario",
    "Hotspot_Package": "Paquete de punto de acceso",
    "PPPOE_Package": "Paquete PPPoE",
    "VPN_Package": "Paquete VPN",
    "Translation": "Traducci\u00f3n",
    "Agent": "Agente",
    "Session_has_expired__Please_log_in_again_": "La sesi\u00f3n ha expirado. Por favor, inicie sesi\u00f3n nuevamente.",
    "danger": "Peligro",
    "City": "Pais",
    "District": "Distrito",
    "State": "Estado",
    "Zip": "C\u00f3digo Postal",
    "Personal": "Personal",
    "Bandwidth": "Ancho de banda",
    "Translation_saved_Successfully": "La traducci\u00f3n se guard\u00f3 correctamente",
    "Filter": "Filtrar",
    "Show_chart": "Mostrar gr\u00e1fico",
    "Start_Date": "Fecha de inicio",
    "Start_time": "Hora de inicio",
    "End_Date": "Fecha de finalizaci\u00f3n",
    "End_Time": "Fin del tiempo",
    "Internet_Plans": "Planes de Internet",
    "Methods": "M\u00e9todos",
    "AREA1": "\u00c1REA 1",
    "AREA2": "\u00c1REA 2",
    "AREA4": "\u00c1REA 4",
    "AREA3": "\u00c1REA 3",
    "MK_ADMIN": "Administrador de MK",
    "AREA6": "\u00c1REA 6",
    "Max_30_days": "M\u00e1ximo 30 d\u00edas",
    "Total": "Total",
    "Information": "Informaci\u00f3n",
    "Export_and_Print_will_show_all_data_without_pagination": "Exportar e imprimir mostrar\u00e1 todos los datos sin paginaci\u00f3n",
    "Maps": "Mapas",
    "Custom_Fields": "Campos personalizados",
    "Cron_appear_not_been_setup__please_check_your_cron_setup_": "Aparece que no se ha configurado Cron, consulte su configuraci\u00f3n de Cron.",
    "Check_if_Router_Online_": "\u00bfVerifique si Router Online?",
    "To_check_whether_the_Router_is_online_or_not__please_visit_the_following_page": "Para verificar si el enrutador est\u00e1 en l\u00ednea o no, visite la p\u00e1gina siguiente",
    "Cek_Now": "Cek ahora",
    "Enable": "Permitir",
    "Disable": "Desactivar",
    "Router_Name___Location": "Nombre \/ ubicaci\u00f3n del enrutador",
    "Coordinates": "Coordenadas",
    "Coverage": "Cobertura",
    "Continue_the_process_of_changing_Routers_": "\u00bfContinuar el proceso de cambiar los enrutadores?",
    "First_Name": "Nombre",
    "Last_Name": "Apellido",
    "Plugin_Installer": "Instalador de plugin",
    "Upload_Zip_Plugin_Theme_Device": "Subir el complemento\/tema\/dispositivo con zip",
    "Install": "Instalar",
    "CPU_Load": "Carga de la CPU",
    "Temperature": "Temperatura",
    "Voltage": "Voltaje",
    "Wireless_Status": "Estado inal\u00e1mbrico",
    "Interface_Status": "Estado de la interfaz",
    "Hotspot_Online_Users": "Usuarios en l\u00ednea de hotspot",
    "PPPoE_Online_Users": "Usuarios en l\u00ednea de PPPOE",
    "Traffic_Monitor": "Monitor de tr\u00e1fico",
    "Interface_Name": "Nombre de la interfaz",
    "Tx__bytes_Out_": "Tx (bytes fuera)",
    "Rx__bytes_In_": "Rx (bytes en)",
    "Total_Usage": "Uso total",
    "Uptime": "Tiempo de actividad",
    "Server": "Servidor",
    "Mac_Address": "Direcci\u00f3n MAC",
    "Session_Time_Left": "Tiempo de sesi\u00f3n restante",
    "Upload__RX_": "Cargue (RX)",
    "Download__TX_": "Descargar (TX)",
    "Service": "Servicio",
    "Caller_ID": "Identificador de llamadas",
    "Download": "Descargar",
    "Upload": "Subir",
    "Interface": "Interfaz",
    "Last_Ip": "\u00daltima IP",
    "Last_Activity": "\u00daltima actividad",
    "Signal_Strength": "Resistencia a la se\u00f1al",
    "Tx___Rx_CCQ": "TX \/ RX CCQ",
    "Rx_Rate": "Tasa de rx",
    "Tx_Rate": "Tasa de tx",
    "Interace": "Interacci\u00f3n",
    "TX": "Tx",
    "RX": "Rx",
    "Date_Time": "Fecha\/hora",
    "Topic": "Tema",
    "Send_Personal_Message": "Enviar mensaje personal",
    "Send_Via": "Enviar",
    "via_SMS": "a trav\u00e9s de SMS",
    "Via_WhatsApp": "A trav\u00e9s de whatsapp",
    "Via_WhatsApp_and_SMS": "A trav\u00e9s de whatsapp y sms",
    "Compose_your_message___": "Componga tu mensaje ...",
    "Use_placeholders_": "Use marcadores de posici\u00f3n:",
    "Customer_Name": "Nombre del cliente",
    "Customer_Username": "Nombre de usuario del cliente",
    "Customer_Phone": "Tel\u00e9fono del cliente",
    "Your_Company_Name": "Nombre de su empresa",
    "Sign_in_into_your_account": "Inicie sesi\u00f3n en su cuenta",
    "Usernames": "Nombre de usuario",
    "Don_t_have_an_account_": "\u00bfNo tienes una cuenta?",
    "General": "General",
    "Pretty_URL": "Bonita url",
    "rename__htaccess_firewall_to__htaccess": "renombrar .htaccess_firewall a .htaccess",
    "Customer_Login_Page_Settings": "Configuraci\u00f3n de la p\u00e1gina de inicio de sesi\u00f3n del cliente",
    "Choose_Template": "Elija plantilla",
    "Custom": "Costumbre",
    "Select_your_login_template_type": "Seleccione su tipo de plantilla de inicio de sesi\u00f3n",
    "Select_Login_Page": "Seleccione la p\u00e1gina de inicio de sesi\u00f3n",
    "Select_your_preferred_login_template": "Seleccione su plantilla de inicio de sesi\u00f3n preferida",
    "Page_Heading___Company_Name": "Encabezado de p\u00e1gina \/ nombre de la empresa",
    "This_Name_will_be_shown_on_the_login_wallpaper": "Este nombre se mostrar\u00e1 en el fondo de pantalla de inicio de sesi\u00f3n.",
    "Page_Description": "Descripci\u00f3n de la p\u00e1gina",
    "This_will_also_display_on_wallpaper__You_can_use_html_tag": "Esto tambi\u00e9n se mostrar\u00e1 en papel tapiz, puede usar la etiqueta HTML",
    "Favicon": "Favic\u00f3n",
    "Best_size_30_x_30___uploaded_image_will_be_autosize": "El mejor tama\u00f1o 30 x 30 | La imagen cargada se automatizar\u00e1",
    "Login_Page_Logo": "Logotipo de la p\u00e1gina de inicio de sesi\u00f3n",
    "Best_size_300_x_60___uploaded_image_will_be_autosize": "El mejor tama\u00f1o 300 x 60 | La imagen cargada se automatizar\u00e1",
    "Login_Page_Wallpaper": "Fondo de pantalla de la p\u00e1gina de inicio de sesi\u00f3n",
    "Best_size_1920_x_1080___uploaded_image_will_be_autosize": "El mejor tama\u00f1o 1920 x 1080 | La imagen cargada se automatizar\u00e1",
    "Registration": "Registro",
    "Allow_Registration": "Permitir el registro",
    "No_Registration": "Sin registro",
    "Registration_Username": "Nombre de usuario de registro",
    "Photo_Required": "Foto requerida",
    "Customer_Registration_need_to_upload_their_photo": "El registro del cliente necesita subir su foto",
    "Customer_Registration_need_to_validate_using_OTP": "El registro del cliente debe validar con OTP",
    "For_Registration_and_Update_Phone_Number": "Para el n\u00famero de tel\u00e9fono de registro y actualizaci\u00f3n",
    "Notify_Admin": "Notificar a administrador",
    "Notify_Admin_upon_self_registration": "Notificar al administrador sobre el registro autom\u00e1tico",
    "Mandatory_Fields": "Campos obligatorios",
    "Security": "Seguridad",
    "Single_Admin_Session": "Sesi\u00f3n de administrador \u00fanica",
    "Admin_can_only_have_single_session_login__it_will_logout_another_session": "El administrador solo puede tener inicio de sesi\u00f3n de una sola sesi\u00f3n, iniciar\u00e1 sesi\u00f3n en otra sesi\u00f3n",
    "Enable_CSRF_Validation": "Habilitar la validaci\u00f3n de CSRF",
    "Cross_site_request_forgery": "Falsificaci\u00f3n de solicitud de sitio cruzado",
    "SMS_Notification": "Notificaci\u00f3n de SMS",
    "Mikrotik_SMS_Command": "Comando de mikrotik sms",
    "Tax_Rates_by_percentage": "Tasas impositivas por porcentaje",
    "Settings_For_Mikrotik": "Configuraci\u00f3n para Mikrotik",
    "Settings_For_Cron_Expired": "Configuraci\u00f3n para Cron expirado",
    "Expired_Cronjob_Every_5_Minutes__Recommended_": "Cronjob vencido cada 5 minutos [recomendado]",
    "Settings_For_Cron_Reminder": "Configuraci\u00f3n para el recordatorio de Cron",
    "Login_Page_Settings_Saved_Successfully": "Configuraci\u00f3n de la p\u00e1gina de inicio de sesi\u00f3n guardada correctamente",
    "Logout_Successful": "INCOMPTIR SEXITO",
    "warning": "Advertencia",
    "Go_Back": "Volver",
    "Validate": "Validar",
    "Forgot_Usernames": "Olvid\u00e9 nombres de usuario",
    "You_are_already_logged_in": "Ya est\u00e1s iniciado",
    "Hello": "Hola",
    "your_internet_package": "Tu paquete de Internet",
    "has_been_expired": "ha sido expirado",
    "will_be_replaced_with_Customer_Name": "ser\u00e1 reemplazado por el nombre del cliente",
    "will_be_replaced_with_Customer_username": "ser\u00e1 reemplazado por el nombre de usuario del cliente",
    "will_be_replaced_with_Package_name": "ser\u00e1 reemplazado por el nombre del paquete",
    "will_be_replaced_with_Package_price": "ser\u00e1 reemplazado por el precio del paquete",
    "additional_bills_for_customers": "facturas adicionales para los clientes",
    "will_be_replaced_with_Expiration_date": "ser\u00e1 reemplazado por la fecha de vencimiento",
    "Your_Company_Name_at_Settings": "Nombre de su empresa en la configuraci\u00f3n",
    "Your_Company_Address_at_Settings": "Direcci\u00f3n de su empresa en la configuraci\u00f3n",
    "Your_Company_Phone_at_Settings": "Tel\u00e9fono de su empresa en la configuraci\u00f3n",
    "Invoice_number": "N\u00famero de factura",
    "Date_invoice_created": "Factura de fecha creada",
    "Payment_gateway_user_paid_from": "El usuario de la pasarela de pago pagado por",
    "Payment_channel_user_paid_from": "Usuario de canal de pago pagado desde",
    "is_Hotspot_or_PPPOE": "es hotspot o pppoe",
    "Internet_Package_Prices": "Precios de paquetes de Internet",
    "Receiver_name": "Nombre del receptor",
    "Username_internet": "Nombre de usuario Internet",
    "User_password": "Contrase\u00f1a de usuario",
    "Expired_datetime": "Expirado de fecha y hora",
    "For_Notes_by_admin": "Para notas de admin",
    "Transaction_datetime": "Transacci\u00f3n data de data",
    "Balance_Before": "Equilibrar antes",
    "Balance_After": "Equilibrar",
    "Welcome_Message": "Mensaje de bienvenida",
    "will_be_replaced_with_Customer_password": "ser\u00e1 reemplazado por la contrase\u00f1a del cliente",
    "will_be_replaced_with_Customer_Portal_URL": "ser\u00e1 reemplazado por URL del portal del cliente",
    "will_be_replaced_with_Company_Name": "ser\u00e1 reemplazado por el nombre de la empresa",
    "Save": "Guardar",
    "Save_as_template": "Guardar como plantilla",
    "Template_Name": "Nombre de plantilla",
    "Package_Price": "Precio del paquete",
    "Voucher_Code": "C\u00f3digo de cup\u00f3n",
    "Voucher_Package": "Paquete de cupones",
    "Counter": "Contador",
    "Sub_District": "Distrito",
    "Ward": "Código Postal",
    "Profile": "Perfil",
    "Photo": "Foto",
    "Phone": "Tel\u00e9fono",
    "Credentials": "Cartas credenciales",
    "RB5009_39": "RB5009-39",
    "Admin": "Administraci\u00f3n",
    "VPN_Plans": "Planes VPN",
    "Using": "Usando",
    "Postpaid_Recharge_for_the_first_time_use": "Recarga pospago por primera vez uso",
    "Or": "O",
    "Confirm": "Confirmar",
    "Name": "Nombre",
    "Plan": "Plan",
    "Resend": "Revender",
    "Home_Address": "Direcci\u00f3n de la casa",
    "Other": "Otro",
    "Business": "Negocio",
    "Not_Working_for_freeradius": "No funciona para freeradius",
    "Also_Working_for_freeradius": "Tambi\u00e9n trabajando para freeradius",
    "User_Cannot_change_this__only_admin__if_it_Empty_it_will_use_Customer_Credentials": "El usuario no puede cambiar esto, solo administrador. Si se vac\u00eda, usar\u00e1 las credenciales del cliente",
    "Send_welcome_message": "Enviar mensaje de bienvenida",
    "Notification_via": "Notificaci\u00f3n a trav\u00e9s de",
    "SMS": "SMS",
    "WA": "Whatsapp",
    "Attributes": "Atributos",
    "Additional_Information": "informaci\u00f3n adicional",
    "City_of_Resident": "Ciudad del residente",
    "State_of_Resident": "Estado de residente",
    "Zip_Code": "C\u00f3digo postal",
    "Continue_the_process_of_adding_Customer_Data_": "\u00bfContinuar el proceso de agregar datos de clientes?",
    "Customer_cannot_buy_disabled_Package__but_admin_can_recharge_it__use_it_if_you_want_only_admin_recharge_it": "El cliente no puede comprar el paquete discapacitado, pero el administrador puede recargarlo, usarlo si solo desea recargarlo de administrador",
    "Postpaid_will_have_fix_expired_date": "Postpaid tendr\u00e1 una fecha vencida",
    "Prepaid": "Pagado",
    "Postpaid": "Pospago",
    "Personal_Package_will_only_show_to_personal_Customer__Business_Package_will_only_show_to_Business_Customer": "El paquete personal solo se mostrar\u00e1 al cliente personal, el paquete comercial solo se mostrar\u00e1 al cliente empresarial",
    "Device": "Dispositivo",
    "This_Device_are_the_logic_how_PHPNuxBill_Communicate_with_Mikrotik_or_other_Devices": "Este dispositivo es la l\u00f3gica de c\u00f3mo PhpNuxbill se comunica con Mikrotik u otros dispositivos",
    "Price_Before_Discount": "Precio antes de descuento",
    "For_Discount_Rate__this_is_price_before_get_discount__must_be_more_expensive_with_real_price": "Para una tasa de descuento, este es el precio antes de obtener descuento, debe ser m\u00e1s costoso con un precio real",
    "1_Period___1_Month__Expires_the_20th_of_each_month": "1 per\u00edodo = 1 mes, expira el 20 de cada mes",
    "Expired_Date": "Fecha vencida",
    "Expired_will_be_this_date_every_month": "Caducado ser\u00e1 esta fecha cada mes",
    "Expired_Action": "Acci\u00f3n vencida",
    "Optional": "Opcional",
    "Expired_Internet_Plan": "Plan de Internet vencido",
    "When_Expired__customer_will_be_move_to_selected_internet_plan": "Cuando expire, el cliente se trasladar\u00e1 al plan de Internet seleccionado",
    "on_login___on_up": "en el login \/ encendido",
    "on_logout___on_down": "On-Logout \/ On-Down",
    "Continue_the_PPPoE_Package_change_process_": "\u00bfContinuar el proceso de cambio de paquete PPPOE?",
    "Period": "Per\u00edodo",
    "Login_as_Customer": "Iniciar sesi\u00f3n como cliente",
    "Rate": "Tasa",
    "Create_Bandwidth_Package_for_expired_Internet_Package": "Crear paquete de ancho de banda para paquete de Internet vencido",
    "When_customer_expired__you_can_move_it_to_Expired_Internet_Package": "Cuando el cliente caduque, podr\u00e1 moverlo a Paquete de Internet Caducado",
    "Category": "Categor\u00eda",
    "Create_expired_Internet_Plan": "Crear plan de Internet vencido",
    "When_customer_expired__you_can_move_it_to_Expired_Internet_Plan": "Cuando el cliente caduque, podr\u00e1 moverlo a Plan de Internet Caducado",
    "Personal_Package_will_only_show_to_personal_Customer__Business_package_will_only_show_to_Business_Customer": "El paquete personal solo se mostrar\u00e1 a los clientes personales, el paquete comercial solo se mostrar\u00e1 a los clientes comerciales",
    "Continue_the_process_of_adding_the_PPPoE_Package_": "\u00bfContinuar con el proceso de agregar el paquete PPPoE?",
    "Face_Detection": "Detecci\u00f3n de rostros",
    "Customer_cannot_login_again": "El cliente no puede iniciar sesi\u00f3n nuevamente",
    "Customer_can_login_but_cannot_buy_internet_package__Admin_cannot_recharge_customer": "El cliente puede iniciar sesi\u00f3n pero no puede comprar un paquete de Internet. El administrador no puede recargar al cliente.",
    "Don_t_forget_to_deactivate_all_active_package_too": "No olvides desactivar tambi\u00e9n todos los paquetes activos.",
    "Not_Working_with_Freeradius_Mysql": "No funciona con Freeradius Mysql",
    "Continue_the_Customer_Data_change_process_": "\u00bfContinuar con el proceso de cambio de datos del cliente?",
    "Port_Pool": "Grupo de puerto",
    "New_port": "Nuevo puerto",
    "Port_Name": "Nombre del puerto",
    "Public_IP": "IP p\u00fablica",
    "Range_Port": "Rango de Puertos",
    "Add_Port_Pool": "Agregar grupo de puertos",
    "Continue_the_process_of_adding_Ports_": "\u00bfContinuar con el proceso de agregar puertos?",
    "Continue_the_VPN_creation_process_": "\u00bfContinuar con el proceso de creaci\u00f3n de VPN?",
    "": "",
    "Local_IP": "IP local",
    "Test_Connection": "Conexi\u00f3n de prueba",
    "Continue_the_process_of_adding_Routers_": "\u00bfContinuar con el proceso de agregar enrutadores?",
    "Continue_the_Pool_addition_process_": "\u00bfContinuar con el proceso de adici\u00f3n de la piscina?",
    "Private_IP": "IP privada",
    "Sync_account_if_you_failed_login_to_internet": "Sincronizar cuenta si no se pudo iniciar sesi\u00f3n en Internet",
    "Data_Change": "Cambio de datos",
    "Face_Detect": "Detecci\u00f3n de rostro",
    "Email_Address": "Direcci\u00f3n de correo electr\u00f3nico",
    "Transaction_History_List": "Lista de historial de transacciones",
    "Contabo": "Contabo",
    "Not_Active": "No activo",
    "New_Service_Package": "Nuevo paquete de servicios",
    "Limit": "L\u00edmite",
    "Time": "Tiempo",
    "Data": "Datos",
    "ID": "IDENTIFICACI\u00d3N",
    "Create_expired_Internet_Package": "Crear paquete de Internet vencido",
    "Oops__The_page_you_are_looking_for_was_not_found": "\u00a1Ups! La p\u00e1gina que est\u00e1 buscando no fue encontrada",
    "Back_to_Dashboard": "Volver al panel de control",
    "Add_User": "Agregar usuario",
    "Report_Viewer": "Visor de informes",
    "Super_Administrator": "Super administrador",
    "Send_Notification": "Enviar notificaci\u00f3n",
    "Don_t_Send": "No env\u00ede",
    "Registration_successful": "Registro exitoso",
    "New_User_Registration": "Registro de nuevo usuario",
    "New_Field": "Nuevo campo",
    "Installed_Devices": "Dispositivos instalados",
    "Miscellaneous_Settings": "Configuraciones varias",
    "Display_bandwidth_plan_for_customer": "Mostrar plan de ancho de banda para el cliente",
    "Radius_Rest_Interim_Update": "Actualizaci\u00f3n provisional de Radius Rest",
    "in_minutes__leave_0_to_disable_this_feature_": "en minutos, deje 0 para deshabilitar esta funci\u00f3n.",
    "Check_if_Customer_Online": "Verificar si el cliente est\u00e1 en l\u00ednea",
    "This_will_show_is_Customer_currently_is_online_or_not": "Esto mostrar\u00e1 si el cliente est\u00e1 actualmente en l\u00ednea o no.",
    "Allow_Balance_Custom_Amount": "Permitir saldo Importe personalizado",
    "Allow_Customer_buy_balance_with_any_amount": "Permitir al Cliente comprar saldo con cualquier monto",
    "Make_sure_you_use_API_Port__Default_8728": "Aseg\u00farese de utilizar el puerto API, predeterminado 8728",
    "Make_sure_Username_and_Password_are_correct": "Aseg\u00farese de que el nombre de usuario y la contrase\u00f1a sean correctos",
    "Make_sure_your_hosting_not_blocking_port_to_external": "Aseg\u00farese de que su hosting no bloquee el puerto al externo",
    "Make_sure_your_Mikrotik_accessible_from_PHPNuxBill": "Aseg\u00farese de que su Mikrotik sea accesible desde PHPNuxBill",
    "If_you_just_update_PHPNuxBill_from_upload_files__try_click_Update": "Si simplemente actualiza PHPNuxBill desde la carga de archivos, intente hacer clic en Actualizar",
    "Update": "Actualizar",
    "Update_PHPNuxBill": "Actualizar PHPNuxBill",
    "Ask_Github_Community": "Pregunta a la comunidad de Github",
    "Ask_Telegram_Community": "Pregunta a la comunidad de Telegram"
}